59002519001,นักเรียนทดสอบ 1
59002519002,นักเรียนทดสอบ 2
59002519003,นักเรียนทดสอบ 3
59002519004,นักเรียนทดสอบ 4
59002519005,นักเรียนทดสอบ 5
59002519006,นักเรียนทดสอบ 6
59002519007,นักเรียนทดสอบ 7
59002519008,นักเรียนทดสอบ 8
59002519009,นักเรียนทดสอบ 9
59002519010,นักเรียนทดสอบ 10
59002519011,นักเรียนทดสอบ 11
59002519012,นักเรียนทดสอบ 12
59002519013,นักเรียนทดสอบ 13
59002519014,นักเรียนทดสอบ 14
59002519015,นักเรียนทดสอบ 15
59002519016,นักเรียนทดสอบ 16
59002519017,นักเรียนทดสอบ 17
59002519018,นักเรียนทดสอบ 18
59002519019,นักเรียนทดสอบ 19
59002519020,นักเรียนทดสอบ 20
